<?xml version="1.0"?>
<GPS>
  <perspectives state=" 0" height=" 768" width=" 1024"  >
    <perspective name="Default">
      <Pane width=" 100%" Orientation="ORIENTATION_HORIZONTAL" >
        <Pane width=" 20%" Orientation="ORIENTATION_VERTICAL" >
          <Notebook height=" 20%" Tabs="POS_BOTTOM" >
            <Child Raised="True" Group=" 106" State="NORMAL" >
              <Scenario_View />
            </Child>
          </Notebook>
          <Notebook height=" 80%" Tabs="POS_BOTTOM" >
            <Child Raised="True" Group=" 106" State="NORMAL" >
              <Project_Explorer_Project />
            </Child>
            <Child Group=" 106" State="NORMAL" >
              <Outline_View />
            </Child>
          </Notebook>
        </Pane>
        <Pane width=" 80%" Orientation="ORIENTATION_VERTICAL" >
          <central height=" 80%"  />
          <Notebook height=" 20%" Tabs="POS_BOTTOM" >
            <Child Raised="True" Group=" 107" State="NORMAL" >
              <Message_Window />
            </Child>
          </Notebook>
        </Pane>
      </Pane>
    </perspective>
    <perspective name="Debug">
      <Pane width=" 100%" Orientation="ORIENTATION_VERTICAL">
        <Notebook height=" 15%" Tabs="POS_BOTTOM">
          <Child Raised="True" Group=" 101" State="NORMAL">
            <Debugger_Data  />
          </Child>
        </Notebook>
        <Pane height=" 85%" Orientation="ORIENTATION_HORIZONTAL">
          <Pane width=" 20%" Orientation="ORIENTATION_VERTICAL">
            <Notebook height=" 20%" Tabs="POS_BOTTOM">
              <Child Raised="True" Group=" 106" State="NORMAL">
                <Scenario_View  />
              </Child>
            </Notebook>
            <Notebook height=" 80%" Tabs="POS_BOTTOM">
              <Child Raised="True" Group=" 106" State="NORMAL">
                <Project_Explorer_Project  />
              </Child>
              <Child Group=" 106" State="NORMAL">
                <Outline_View  />
              </Child>
            </Notebook>
          </Pane>
          <Pane width=" 80%" Orientation="ORIENTATION_VERTICAL">
            <Pane height=" 80%" Orientation="ORIENTATION_HORIZONTAL">
              <central width=" 80%" />
              <Notebook width=" 20%" Tabs="POS_BOTTOM">
                <Child Raised="True" Focus="True" Group=" 103" State="NORMAL">
                  <Call_Stack  />
                </Child>
              </Notebook>
            </Pane>
            <Notebook height=" 20%" Tabs="POS_BOTTOM">
              <Child Raised="True" Group=" 107" State="NORMAL">
                <Message_Window  />
              </Child>
            </Notebook>
          </Pane>
        </Pane>
      </Pane>
    </perspective>
  </perspectives>
  <desktops>
    <desktop perspective="Default" >
    </desktop>
  </desktops>
</GPS>
