<?xml version="1.0"?>
<!--  This file adds contextual menu to GPS Messages window. -->

<console>
  <action name="Clear messages" output="none">
    <filter module="GPS.Kernel.Console"/>
    <shell>Console</shell>
    <shell>Console.clear %1</shell>
  </action>

  <action name="Select all in console" output="none">
    <filter module="GPS.Kernel.Console"/>
    <shell>Console</shell>
    <shell>Console.select_all %1</shell>
  </action>

  <action name="Copy in console" output="none">
    <filter module="GPS.Kernel.Console"/>
    <shell>Console</shell>
    <shell>Console.copy_clipboard %1</shell>
  </action>

  <contextual action="Clear messages"/>

  <contextual action="Select all in console" group="-1">
    <title>Select all</title>
  </contextual>

  <contextual action="Copy in console" group="-1">
    <title>Copy</title>
  </contextual>
</console>
