<?xml version="1.0"?>
<GPS>
  <documentation_file>
     <shell>Editor.edit "gnatcoll-any_types.ads"</shell>
     <descr>GNATCOLL.Any_Types</descr>
     <menu>/Help/Gnat Runtime/GNATCOLL/Any__Types/&lt;Any__Types&gt;</menu>
     <category>Gnat Components Collection</category>
  </documentation_file>

  <documentation_file>
     <shell>Editor.edit "gnatcoll-any_types-python.ads"</shell>
     <descr>GNATCOLL.Any_Types.Python</descr>
     <menu>/Help/Gnat Runtime/GNATCOLL/Any__Types/Python</menu>
     <category>Gnat Components Collection</category>
  </documentation_file>

  <documentation_file>
     <shell>Editor.edit "gnatcoll-arg_lists.ads"</shell>
     <descr>GNATCOLL.Arg_Lists</descr>
     <menu>/Help/Gnat Runtime/GNATCOLL/Arg__Lists</menu>
     <category>Gnat Components Collection</category>
  </documentation_file>

  <documentation_file>
     <shell>Editor.edit "gnatcoll-boyer_moore.ads"</shell>
     <descr>GNATCOLL.Boyer_Moore</descr>
     <menu>/Help/Gnat Runtime/GNATCOLL/Boyer__Moore</menu>
     <category>Gnat Components Collection</category>
  </documentation_file>

  <documentation_file>
     <shell>Editor.edit "gnatcoll-email.ads"</shell>
     <descr>GNATCOLL.Email</descr>
     <menu>/Help/Gnat Runtime/GNATCOLL/Email/&lt;Email&gt;</menu>
     <category>Gnat Components Collection</category>
  </documentation_file>

  <documentation_file>
     <shell>Editor.edit "gnatcoll-email-mailboxes.ads"</shell>
     <descr>GNATCOLL.Email.Mailboxes</descr>
     <menu>/Help/Gnat Runtime/GNATCOLL/Email/Mailboxes</menu>
     <category>Gnat Components Collection</category>
  </documentation_file>

  <documentation_file>
     <shell>Editor.edit "gnatcoll-email-parser.ads"</shell>
     <descr>GNATCOLL.Email.Parser</descr>
     <menu>/Help/Gnat Runtime/GNATCOLL/Email/Parser</menu>
     <category>Gnat Components Collection</category>
  </documentation_file>

  <documentation_file>
     <shell>Editor.edit "gnatcoll-email-utils.ads"</shell>
     <descr>GNATCOLL.Email.Utils</descr>
     <menu>/Help/Gnat Runtime/GNATCOLL/Email/Utils</menu>
     <category>Gnat Components Collection</category>
  </documentation_file>

  <documentation_file>
     <shell>Editor.edit "gnatcoll-gmp.ads"</shell>
     <descr>GNATCOLL.GMP</descr>
     <menu>/Help/Gnat Runtime/GNATCOLL/GMP/&lt;GMP&gt;</menu>
     <category>Gnat Components Collection</category>
  </documentation_file>

  <documentation_file>
     <shell>Editor.edit "gnatcoll-gmp-integers.ads"</shell>
     <descr>GNATCOLL.GMP.Integers</descr>
     <menu>/Help/Gnat Runtime/GNATCOLL/GMP/Integers/&lt;Integers&gt;</menu>
     <category>Gnat Components Collection</category>
  </documentation_file>

  <documentation_file>
     <shell>Editor.edit "gnatcoll-gmp-integers-io.ads"</shell>
     <descr>GNATCOLL.GMP.Integers.IO</descr>
     <menu>/Help/Gnat Runtime/GNATCOLL/GMP/Integers/IO</menu>
     <category>Gnat Components Collection</category>
  </documentation_file>

  <documentation_file>
     <shell>Editor.edit "gnatcoll-gmp-integers-misc.ads"</shell>
     <descr>GNATCOLL.GMP.Integers.Misc</descr>
     <menu>/Help/Gnat Runtime/GNATCOLL/GMP/Integers/Misc</menu>
     <category>Gnat Components Collection</category>
  </documentation_file>

  <documentation_file>
     <shell>Editor.edit "gnatcoll-gmp-integers-number_theoretic.ads"</shell>
     <descr>GNATCOLL.GMP.Integers.Number_Theoretic</descr>
     <menu>/Help/Gnat Runtime/GNATCOLL/GMP/Integers/Number__Theoretic</menu>
     <category>Gnat Components Collection</category>
  </documentation_file>

  <documentation_file>
     <shell>Editor.edit "gnatcoll-gmp-integers-random.ads"</shell>
     <descr>GNATCOLL.GMP.Integers.Random</descr>
     <menu>/Help/Gnat Runtime/GNATCOLL/GMP/Integers/Random</menu>
     <category>Gnat Components Collection</category>
  </documentation_file>

  <documentation_file>
     <shell>Editor.edit "gnatcoll-gmp-integers-root_extraction.ads"</shell>
     <descr>GNATCOLL.GMP.Integers.Root_Extraction</descr>
     <menu>/Help/Gnat Runtime/GNATCOLL/GMP/Integers/Root__Extraction</menu>
     <category>Gnat Components Collection</category>
  </documentation_file>

  <documentation_file>
     <shell>Editor.edit "gnatcoll-gmp-lib.ads"</shell>
     <descr>GNATCOLL.GMP.Lib</descr>
     <menu>/Help/Gnat Runtime/GNATCOLL/GMP/Lib</menu>
     <category>Gnat Components Collection</category>
  </documentation_file>

  <documentation_file>
     <shell>Editor.edit "gnatcoll-gmp-random_state.ads"</shell>
     <descr>GNATCOLL.GMP.Random_State</descr>
     <menu>/Help/Gnat Runtime/GNATCOLL/GMP/Random__State</menu>
     <category>Gnat Components Collection</category>
  </documentation_file>

  <documentation_file>
     <shell>Editor.edit "gnatcoll-io-native.ads"</shell>
     <descr>GNATCOLL.IO.Native</descr>
     <menu>/Help/Gnat Runtime/GNATCOLL/IO/Native</menu>
     <category>Gnat Components Collection</category>
  </documentation_file>

  <documentation_file>
     <shell>Editor.edit "gnatcoll-io-remote.ads"</shell>
     <descr>GNATCOLL.IO.Remote</descr>
     <menu>/Help/Gnat Runtime/GNATCOLL/IO/Remote/&lt;Remote&gt;</menu>
     <category>Gnat Components Collection</category>
  </documentation_file>

  <documentation_file>
     <shell>Editor.edit "gnatcoll-io-remote-unix.ads"</shell>
     <descr>GNATCOLL.IO.Remote.Unix</descr>
     <menu>/Help/Gnat Runtime/GNATCOLL/IO/Remote/Unix</menu>
     <category>Gnat Components Collection</category>
  </documentation_file>

  <documentation_file>
     <shell>Editor.edit "gnatcoll-io-remote-windows.ads"</shell>
     <descr>GNATCOLL.IO.Remote.Windows</descr>
     <menu>/Help/Gnat Runtime/GNATCOLL/IO/Remote/Windows</menu>
     <category>Gnat Components Collection</category>
  </documentation_file>

  <documentation_file>
     <shell>Editor.edit "gnatcoll-memory.ads"</shell>
     <descr>GNATCOLL.Memory</descr>
     <menu>/Help/Gnat Runtime/GNATCOLL/Memory</menu>
     <category>Gnat Components Collection</category>
  </documentation_file>

  <documentation_file>
     <shell>Editor.edit "gnatcoll-mmap.ads"</shell>
     <descr>GNATCOLL.Mmap</descr>
     <menu>/Help/Gnat Runtime/GNATCOLL/Mmap</menu>
     <category>Gnat Components Collection</category>
  </documentation_file>

  <documentation_file>
     <shell>Editor.edit "gnatcoll-projects.ads"</shell>
     <descr>GNATCOLL.Projects</descr>
     <menu>/Help/Gnat Runtime/GNATCOLL/Projects</menu>
     <category>Gnat Components Collection</category>
  </documentation_file>

  <documentation_file>
     <shell>Editor.edit "gnatcoll-python.ads"</shell>
     <descr>GNATCOLL.Python</descr>
     <menu>/Help/Gnat Runtime/GNATCOLL/Python</menu>
     <category>Gnat Components Collection</category>
  </documentation_file>

  <documentation_file>
     <shell>Editor.edit "gnatcoll-ravenscar.ads"</shell>
     <descr>GNATCOLL.Ravenscar</descr>
     <menu>/Help/Gnat Runtime/GNATCOLL/Ravenscar/&lt;Ravenscar&gt;</menu>
     <category>Gnat Components Collection</category>
  </documentation_file>

  <documentation_file>
     <shell>Editor.edit "gnatcoll-ravenscar-multiple_queue_cyclic_server.ads"</shell>
     <descr>GNATCOLL.Ravenscar.Multiple_Queue_Cyclic_Server</descr>
     <menu>/Help/Gnat Runtime/GNATCOLL/Ravenscar/Multiple__Queue__Cyclic__Server</menu>
     <category>Gnat Components Collection</category>
  </documentation_file>

  <documentation_file>
     <shell>Editor.edit "gnatcoll-ravenscar-multiple_queue_sporadic_server.ads"</shell>
     <descr>GNATCOLL.Ravenscar.Multiple_Queue_Sporadic_Server</descr>
     <menu>/Help/Gnat Runtime/GNATCOLL/Ravenscar/Multiple__Queue__Sporadic__Server</menu>
     <category>Gnat Components Collection</category>
  </documentation_file>

  <documentation_file>
     <shell>Editor.edit "gnatcoll-ravenscar-simple_cyclic_task.ads"</shell>
     <descr>GNATCOLL.Ravenscar.Simple_Cyclic_Task</descr>
     <menu>/Help/Gnat Runtime/GNATCOLL/Ravenscar/Simple__Cyclic__Task</menu>
     <category>Gnat Components Collection</category>
  </documentation_file>

  <documentation_file>
     <shell>Editor.edit "gnatcoll-ravenscar-simple_sporadic_task.ads"</shell>
     <descr>GNATCOLL.Ravenscar.Simple_Sporadic_Task</descr>
     <menu>/Help/Gnat Runtime/GNATCOLL/Ravenscar/Simple__Sporadic__Task</menu>
     <category>Gnat Components Collection</category>
  </documentation_file>

  <documentation_file>
     <shell>Editor.edit "gnatcoll-ravenscar-sporadic_server.ads"</shell>
     <descr>GNATCOLL.Ravenscar.Sporadic_Server</descr>
     <menu>/Help/Gnat Runtime/GNATCOLL/Ravenscar/Sporadic__Server</menu>
     <category>Gnat Components Collection</category>
  </documentation_file>

  <documentation_file>
     <shell>Editor.edit "gnatcoll-ravenscar-sporadic_server_with_callback.ads"</shell>
     <descr>GNATCOLL.Ravenscar.Sporadic_Server_With_Callback</descr>
     <menu>/Help/Gnat Runtime/GNATCOLL/Ravenscar/Sporadic__Server__With__Callback</menu>
     <category>Gnat Components Collection</category>
  </documentation_file>

  <documentation_file>
     <shell>Editor.edit "gnatcoll-ravenscar-timed_out_sporadic_server.ads"</shell>
     <descr>GNATCOLL.Ravenscar.Timed_Out_Sporadic_Server</descr>
     <menu>/Help/Gnat Runtime/GNATCOLL/Ravenscar/Timed__Out__Sporadic__Server</menu>
     <category>Gnat Components Collection</category>
  </documentation_file>

  <documentation_file>
     <shell>Editor.edit "gnatcoll-ravenscar-timers.ads"</shell>
     <descr>GNATCOLL.Ravenscar.Timers</descr>
     <menu>/Help/Gnat Runtime/GNATCOLL/Ravenscar/Timers/&lt;Timers&gt;</menu>
     <category>Gnat Components Collection</category>
  </documentation_file>

  <documentation_file>
     <shell>Editor.edit "gnatcoll-ravenscar-timers-one_shot_timer.ads"</shell>
     <descr>GNATCOLL.Ravenscar.Timers.One_Shot_Timer</descr>
     <menu>/Help/Gnat Runtime/GNATCOLL/Ravenscar/Timers/One__Shot__Timer</menu>
     <category>Gnat Components Collection</category>
  </documentation_file>

  <documentation_file>
     <shell>Editor.edit "gnatcoll-ravenscar-utils.ads"</shell>
     <descr>GNATCOLL.Ravenscar.Utils</descr>
     <menu>/Help/Gnat Runtime/GNATCOLL/Ravenscar/Utils</menu>
     <category>Gnat Components Collection</category>
  </documentation_file>

  <documentation_file>
     <shell>Editor.edit "gnatcoll-remote.ads"</shell>
     <descr>GNATCOLL.Remote</descr>
     <menu>/Help/Gnat Runtime/GNATCOLL/Remote/&lt;Remote&gt;</menu>
     <category>Gnat Components Collection</category>
  </documentation_file>

  <documentation_file>
     <shell>Editor.edit "gnatcoll-remote-db.ads"</shell>
     <descr>GNATCOLL.Remote.Db</descr>
     <menu>/Help/Gnat Runtime/GNATCOLL/Remote/Db</menu>
     <category>Gnat Components Collection</category>
  </documentation_file>

  <documentation_file>
     <shell>Editor.edit "gnatcoll-sql.ads"</shell>
     <descr>GNATCOLL.SQL</descr>
     <menu>/Help/Gnat Runtime/GNATCOLL/SQL/&lt;SQL&gt;</menu>
     <category>Gnat Components Collection</category>
  </documentation_file>

  <documentation_file>
     <shell>Editor.edit "gnatcoll-sql-exec.ads"</shell>
     <descr>GNATCOLL.SQL.Exec</descr>
     <menu>/Help/Gnat Runtime/GNATCOLL/SQL/Exec</menu>
     <category>Gnat Components Collection</category>
  </documentation_file>

  <documentation_file>
     <shell>Editor.edit "gnatcoll-sql-postgres.ads"</shell>
     <descr>GNATCOLL.SQL.Postgres</descr>
     <menu>/Help/Gnat Runtime/GNATCOLL/SQL/Postgres</menu>
     <category>Gnat Components Collection</category>
  </documentation_file>

  <documentation_file>
     <shell>Editor.edit "gnatcoll-sql-sqlite.ads"</shell>
     <descr>GNATCOLL.SQL.Sqlite</descr>
     <menu>/Help/Gnat Runtime/GNATCOLL/SQL/Sqlite</menu>
     <category>Gnat Components Collection</category>
  </documentation_file>

  <documentation_file>
     <shell>Editor.edit "gnatcoll-sql_impl.ads"</shell>
     <descr>GNATCOLL.SQL_Impl</descr>
     <menu>/Help/Gnat Runtime/GNATCOLL/SQL__Impl</menu>
     <category>Gnat Components Collection</category>
  </documentation_file>

  <documentation_file>
     <shell>Editor.edit "gnatcoll-scripts.ads"</shell>
     <descr>GNATCOLL.Scripts</descr>
     <menu>/Help/Gnat Runtime/GNATCOLL/Scripts/&lt;Scripts&gt;</menu>
     <category>Gnat Components Collection</category>
  </documentation_file>

  <documentation_file>
     <shell>Editor.edit "gnatcoll-scripts-gtkada.ads"</shell>
     <descr>GNATCOLL.Scripts.Gtkada</descr>
     <menu>/Help/Gnat Runtime/GNATCOLL/Scripts/Gtkada</menu>
     <category>Gnat Components Collection</category>
  </documentation_file>

  <documentation_file>
     <shell>Editor.edit "gnatcoll-scripts-impl.ads"</shell>
     <descr>GNATCOLL.Scripts.Impl</descr>
     <menu>/Help/Gnat Runtime/GNATCOLL/Scripts/Impl</menu>
     <category>Gnat Components Collection</category>
  </documentation_file>

  <documentation_file>
     <shell>Editor.edit "gnatcoll-scripts-python.ads"</shell>
     <descr>GNATCOLL.Scripts.Python</descr>
     <menu>/Help/Gnat Runtime/GNATCOLL/Scripts/Python/&lt;Python&gt;</menu>
     <category>Gnat Components Collection</category>
  </documentation_file>

  <documentation_file>
     <shell>Editor.edit "gnatcoll-scripts-python-gtkada.ads"</shell>
     <descr>GNATCOLL.Scripts.Python.Gtkada</descr>
     <menu>/Help/Gnat Runtime/GNATCOLL/Scripts/Python/Gtkada</menu>
     <category>Gnat Components Collection</category>
  </documentation_file>

  <documentation_file>
     <shell>Editor.edit "gnatcoll-scripts-shell.ads"</shell>
     <descr>GNATCOLL.Scripts.Shell</descr>
     <menu>/Help/Gnat Runtime/GNATCOLL/Scripts/Shell</menu>
     <category>Gnat Components Collection</category>
  </documentation_file>

  <documentation_file>
     <shell>Editor.edit "gnatcoll-scripts-utils.ads"</shell>
     <descr>GNATCOLL.Scripts.Utils</descr>
     <menu>/Help/Gnat Runtime/GNATCOLL/Scripts/Utils</menu>
     <category>Gnat Components Collection</category>
  </documentation_file>

  <documentation_file>
     <shell>Editor.edit "gnatcoll-storage_pools.ads"</shell>
     <descr>GNATCOLL.Storage_Pools</descr>
     <menu>/Help/Gnat Runtime/GNATCOLL/Storage__Pools/&lt;Storage__Pools&gt;</menu>
     <category>Gnat Components Collection</category>
  </documentation_file>

  <documentation_file>
     <shell>Editor.edit "gnatcoll-storage_pools-alignment.ads"</shell>
     <descr>GNATCOLL.Storage_Pools.Alignment</descr>
     <menu>/Help/Gnat Runtime/GNATCOLL/Storage__Pools/Alignment</menu>
     <category>Gnat Components Collection</category>
  </documentation_file>

  <documentation_file>
     <shell>Editor.edit "gnatcoll-templates.ads"</shell>
     <descr>GNATCOLL.Templates</descr>
     <menu>/Help/Gnat Runtime/GNATCOLL/Templates</menu>
     <category>Gnat Components Collection</category>
  </documentation_file>

  <documentation_file>
     <shell>Editor.edit "gnatcoll-traces.ads"</shell>
     <descr>GNATCOLL.Traces</descr>
     <menu>/Help/Gnat Runtime/GNATCOLL/Traces/&lt;Traces&gt;</menu>
     <category>Gnat Components Collection</category>
  </documentation_file>

  <documentation_file>
     <shell>Editor.edit "gnatcoll-traces-syslog.ads"</shell>
     <descr>GNATCOLL.Traces.Syslog</descr>
     <menu>/Help/Gnat Runtime/GNATCOLL/Traces/Syslog</menu>
     <category>Gnat Components Collection</category>
  </documentation_file>

  <documentation_file>
     <shell>Editor.edit "gnatcoll-tribooleans.ads"</shell>
     <descr>GNATCOLL.Tribooleans</descr>
     <menu>/Help/Gnat Runtime/GNATCOLL/Tribooleans</menu>
     <category>Gnat Components Collection</category>
  </documentation_file>

  <documentation_file>
     <shell>Editor.edit "gnatcoll-utils.ads"</shell>
     <descr>GNATCOLL.Utils</descr>
     <menu>/Help/Gnat Runtime/GNATCOLL/Utils</menu>
     <category>Gnat Components Collection</category>
  </documentation_file>

  <documentation_file>
     <shell>Editor.edit "gnatcoll-vfs.ads"</shell>
     <descr>GNATCOLL.VFS</descr>
     <menu>/Help/Gnat Runtime/GNATCOLL/VFS/&lt;VFS&gt;</menu>
     <category>Gnat Components Collection</category>
  </documentation_file>

  <documentation_file>
     <shell>Editor.edit "gnatcoll-vfs-gtkada.ads"</shell>
     <descr>GNATCOLL.VFS.GtkAda</descr>
     <menu>/Help/Gnat Runtime/GNATCOLL/VFS/GtkAda</menu>
     <category>Gnat Components Collection</category>
  </documentation_file>

  <documentation_file>
     <shell>Editor.edit "gnatcoll-vfs_types.ads"</shell>
     <descr>GNATCOLL.VFS_Types</descr>
     <menu>/Help/Gnat Runtime/GNATCOLL/VFS__Types</menu>
     <category>Gnat Components Collection</category>
  </documentation_file>

  <documentation_file>
     <shell>Editor.edit "gnatcoll-vfs_utils.ads"</shell>
     <descr>GNATCOLL.VFS_Utils</descr>
     <menu>/Help/Gnat Runtime/GNATCOLL/VFS__Utils</menu>
     <category>Gnat Components Collection</category>
  </documentation_file>

</GPS>