<debug>
	<mapdoom3>
		<!-- <discardEntityClass value="func_static" /> -->
		<!-- <entityRange start="0" end="100" /> -->
	</mapdoom3>
	<ui>
		<debugEventManager value="0" />
	</ui>
	<automatedTest>
		<runTest value="1" />
		<testMap value="/home/greebo/.doom3/darkmod/maps/brush_test.map" />
		<testCommands>
			<testCommand value="CameraRight" count="1" />
			<testCommand value="CameraLeft" count="1" />
			<testCommand value="CameraRight" count="1" />
			<testCommand value="CameraLeft" count="1" />
			<testCommand value="CameraRight" count="1" />
			<testCommand value="CameraLeft" count="1" />
			<testCommand value="CameraRight" count="1" />
			<testCommand value="CameraLeft" count="1" />
			<testCommand value="CameraRight" count="1" />
			<testCommand value="CameraLeft" count="1" />
			<testCommand value="CameraRight" count="1" />
			<testCommand value="CameraLeft" count="1" />
			<testCommand value="CameraRight" count="1" />
			<testCommand value="CameraLeft" count="1" />
			<testCommand value="CameraRight" count="1" />
			<testCommand value="CameraLeft" count="1" />
			<testCommand value="CameraRight" count="1" />
			<testCommand value="CameraLeft" count="1" />
			<testCommand value="CameraRight" count="1" />
			<testCommand value="CameraLeft" count="1" />
			<testCommand value="CameraRight" count="1" />
			<testCommand value="CameraLeft" count="1" />
			<testCommand value="CameraRight" count="1" />
			<testCommand value="CameraLeft" count="1" />
			<testCommand value="CameraRight" count="1" />
			<testCommand value="CameraLeft" count="1" />
			<testCommand value="CameraRight" count="1" />
			<testCommand value="CameraLeft" count="1" />
			<testCommand value="CameraRight" count="1" />
			<testCommand value="CameraLeft" count="1" />
			<testCommand value="CameraRight" count="1" />
			<testCommand value="CameraLeft" count="1" />
			<testCommand value="CameraRight" count="1" />
			<testCommand value="CameraLeft" count="1" />
			<testCommand value="CameraRight" count="1" />
			<testCommand value="CameraLeft" count="1" />
			<testCommand value="CameraRight" count="1" />
			<testCommand value="CameraLeft" count="1" />
			<testCommand value="CameraRight" count="1" />
			<testCommand value="CameraLeft" count="1" />
			<testCommand value="CameraRight" count="1" />
			<testCommand value="CameraLeft" count="1" />
			<testCommand value="CameraRight" count="1" />
			<testCommand value="CameraLeft" count="1" />
			<testCommand value="CameraRight" count="1" />
			<testCommand value="CameraLeft" count="1" />
			<testCommand value="CameraRight" count="1" />
			<testCommand value="CameraLeft" count="1" />
			<testCommand value="CameraRight" count="1" />
			<testCommand value="CameraLeft" count="1" />
		</testCommands>
	</automatedTest>
</debug>
