<?xml version="1.0"?>
<menu name="main">
	<subMenu name="file" caption="_File">
		<menuItem name="new" caption="_New Map" command="NewMap" />
		<menuSeparator />
		<menuItem name="open" caption="_Open..." command="OpenMap" />
		<menuItem name="import" caption="_Import map..." command="ImportMap" />
		<menuItem name="loadprefab" caption="Import _prefab..." command="LoadPrefab" />
		<menuItem name="save" caption="_Save" command="SaveMap" />
		<menuItem name="saveas" caption="Save _as..." command="SaveMapAs" />
		<menuItem name="saveCopyAs" caption="Save _copy as..." command="SaveMapCopyAs" />
		<menuSeparator />
		<menuItem name="saveSelected" caption="_Save selected as Map..." command="SaveSelected" />
		<menuItem name="saveSelectedPrefab" caption="_Save selected as prefab..." command="SaveSelectedAsPrefab" />
		<menuItem name="createCM" caption="Save selected as Collision Model..." command="BrushExportCM" />
		<menuItem name="saveRegion" caption="Save _region..." command="SaveRegion" />
		<menuSeparator />
		<menuItem name="refreshModels" caption="_Reload Models" command="RefreshModels" icon="model16red.png" />
		<menuItem name="refreshSelectedModels" caption="Reload Selected Models" command="RefreshSelectedModels" icon="model16red.png" />
		<menuItem name="reloadSkins" caption="Reload S_kins" command="ReloadSkins" icon="skin16.png" />
		<menuItem name="refreshShaders" caption="Reload Shaders" command="RefreshShaders" icon="texwindow_flushandreload.png" />
		<menuItem name="reloadDefs" caption="Reload Defs" command="ReloadDefs" />
		<menuItem name="reloadParticles" caption="Reload Particles" command="ReloadParticles" icon="particle16.png" />
		<menuSeparator />
		<menuItem name="gameSelector" caption="Select _Game..." command="ProjectSettings" />
		<menuSeparator />
		<menuItem name="pointfile" caption="_Pointfile" command="TogglePointfile" icon="pointfile16.png"/>
		<menuSeparator />
		<!-- MRU is inserted automatically at this position -->
		<menuItem name="exit" caption="E_xit" command="Exit" />
	</subMenu>

	<subMenu name="edit" caption="_Edit">
		<menuItem name="undo" caption="_Undo" command="Undo" />
		<menuItem name="redo" caption="_Redo" command="Redo" />
		<menuSeparator />
		<menuItem name="copy" caption="_Copy" command="Copy" />
		<menuItem name="paste" caption="_Paste" command="Paste" />
		<menuItem name="pasteToCamera" caption="Paste to Camera" command="PasteToCamera" />
		<menuSeparator />
		<menuItem name="duplicate" caption="_Duplicate" command="CloneSelection" />
		<menuItem name="delete" caption="D_elete" command="DeleteSelection" />
		<menuSeparator />
		<menuItem name="parent" caption="Rep_arent Primitives" command="ParentSelection" />
		<menuItem name="parenttoworldspawn" caption="Reparent Primitives to _Worldspawn" command="ParentSelectionToWorldspawn" />
		<menuItem name="mergeentities" caption="Merge selected Entities" command="MergeSelectedEntities" icon="cmenu_merge_entities.png" />
		<menuSeparator />
		<menuItem name="copyShader" caption="Copy Shader" command="CopyShader" />
		<menuItem name="pasteShader" caption="Paste Shader" command="PasteShader" />
		<menuItem name="pasteShaderNatural" caption="Paste Shader (Natural)" command="PasteShaderNatural" />
		<menuSeparator />
		<menuItem name="clearSelection" caption="C_lear selection" command="UnSelectSelection" />
		<menuItem name="invertSelection" caption="_Invert selection" command="InvertSelection" />
		<menuItem name="selectCompleteTall" caption="Select complete t_all" command="SelectCompleteTall" icon="selection_selectcompletetall.png" />
		<menuItem name="selectInside" caption="Select i_nside" command="SelectInside" icon="selection_selectinside.png" />
		<menuItem name="selectTouching" caption="Select _touching" command="SelectTouching" icon="selection_selecttouching.png" />
		<menuItem name="selectionChildren" caption="Select Children" command="SelectChildren" />
		<menuItem name="selectionEntities" caption="Expand selection to all Siblings" command="ExpandSelectionToEntities" />
		<menuItem name="selectalloftype" caption="Select all of type" command="SelectAllOfType" />
		<menuSeparator />
		<menuItem name="shortcuts" caption="Keyboard Shortcuts" command="ShowCommandList" />
		<menuItem name="preferences" caption="Pre_ferences" command="Preferences" />
	</subMenu>

	<subMenu name="view" caption="V_iew">
		<menuItem name="newxyview" caption="New XY view" command="NewOrthoView" />
		<menuItem name="cameraview" caption="Camera View" command="ToggleCamera" />
		<menuItem name="layercontrols" caption="Layers" command="ToggleLayerControlDialog" />
		<menuItem name="consoleView" caption="Console View" command="ToggleConsole" />
		<menuItem name="textureBrowser" caption="Texture Browser" command="ViewTextures" />
		<menuItem name="mediabrowser" caption="Media Browser" command="ToggleMediaBrowser" />
		<menuItem name="entityInspector" caption="Entity Inspector" command="ToggleEntityInspector" />
		<menuItem name="lightInspector" caption="_Light Inspector" command="ToggleLightInspector" />
		<menuItem name="surfaceInspector" caption="_Surface Inspector" command="SurfaceInspector" />
		<menuItem name="patchinspector" caption="_Patch Inspector" command="PatchInspector" />
		<menuItem name="texturetool" caption="_Texture Tool" command="TextureTool" />
		<menuItem name="entityList" caption="Entity List" command="EntityList" />
		<menuSeparator />

		<subMenu name="camera" caption="Camera">
			<menuItem name="cameraCenter" caption="_Center" command="CenterView" />
			<menuItem name="cameraUpFloor" caption="_Up Floor" command="UpFloor" />
			<menuItem name="cameraDownFloor" caption="_Down Floor" command="DownFloor" />
			<menuSeparator />
			<menuItem name="cameraPlaneIn" caption="Far Clip Plane In" command="CubicClipZoomIn" />
			<menuItem name="cameraPlaneOut" caption="Far Clip Plane Out" command="CubicClipZoomOut" />
			<menuSeparator />
			<menuItem name="cameraNextLeak" caption="Next leak spot" command="NextLeakSpot" />
			<menuItem name="cameraPreviousLeak" caption="Previous leak spot" command="PrevLeakSpot" />
		</subMenu>

		<subMenu name="orthographic" caption="Orthographic">
			<menuItem name="nextOrtho" caption="Next (XY, XZ, YZ)" command="NextView" />
			<menuItem name="OrthoXY" caption="XY (Top)" command="ViewTop" />
			<menuItem name="OrthoYZ" caption="YZ" command="ViewSide" />
			<menuItem name="OrthoXZ" caption="XZ" command="ViewFront" />
			<menuSeparator />
			<menuItem name="XY100%" caption="_XY 100%" command="Zoom100" />
			<menuItem name="XYzoomIn" caption="_XY Zoom In" command="ZoomIn" />
			<menuItem name="XYzoomOut" caption="_XY Zoom Out" command="ZoomOut" />
		</subMenu>

		<menuSeparator />

		<subMenu name="show" caption="Show">
			<menuItem name="showAngles" caption="Show _Angles" command="ShowAngles" />
			<menuItem name="showNames" caption="Show _Names" command="ShowNames" />
			<menuItem name="showBlocks" caption="Show Blocks" command="ShowBlocks" />
			<menuItem name="showCoordinates" caption="Show C_oordinates" command="ShowCoordinates" />
			<menuItem name="showOutline" caption="Show Window Outline" command="ShowWindowOutline" />
			<menuItem name="showAxes" caption="Show Axes" command="ShowAxes" />
			<menuItem name="showWorkzone" caption="Show Workzone" command="ShowWorkzone" />
			<menuItem name="showSizeinfo" caption="Show size info" command="ToggleShowSizeInfo" />
		</subMenu>

		<menuSeparator />

		<subMenu name="hideShow" caption="Hide/Show">
			<menuItem name="hideSelected" caption="Hide Selected" command="HideSelected" />
			<menuItem name="hideDeSelected" caption="Hide Deselected" command="HideDeselected" />
			<menuItem name="showHidden" caption="Show hidden" command="ShowHidden" />
		</subMenu>

		<subMenu name="region" caption="Region">
			<menuItem name="regionSwitchoff" caption="_Switch off" command="RegionOff" />
			<menuItem name="regionSetXY" caption="Set from _XY view" command="RegionSetXY" />
			<menuItem name="regionSetBrush" caption="Set from _Brush" command="RegionSetBrush" />
			<menuItem name="regionSetSelection" caption="Set from Se_lection" command="RegionSetSelection" />
		</subMenu>

		<menuSeparator />
		<menuItem name="colours" caption="Colours..." command="EditColourScheme" icon="editcolour16.png" />
		<menuItem name="backgroundimage" caption="Background Image..." command="OverlayDialog" icon="bgimage16.png" />
	</subMenu>

	<subMenu name="modify" caption="Mo_dify">

		<subMenu name="components" caption="Components">
			<menuItem name="edges" caption="_Edges" command="DragEdges" icon="modify_edges.png" />
			<menuItem name="vertices" caption="_Vertices" command="DragVertices" icon="modify_vertices.png" />
			<menuItem name="faces" caption="_Faces" command="DragFaces" icon="modify_faces.png" />
			<menuItem name="entities" caption="En_tities" command="DragEntities" icon="select_entities.png" />
		</subMenu>

		<menuSeparator />

		<subMenu name="nudge" caption="Nudge">
			<menuItem name="nudgeLeft" caption="Nudge Left" command="SelectNudgeLeft" />
			<menuItem name="nudgeRight" caption="Nudge Right" command="SelectNudgeRight" />
			<menuItem name="nudgeUp" caption="Nudge Up" command="SelectNudgeUp" />
			<menuItem name="nudgeDown" caption="Nudge Down" command="SelectNudgeDown" />
		</subMenu>

		<subMenu name="rotate" caption="Rotate">
			<menuItem name="rotateX" caption="Rotate X" command="RotateSelectionX" icon="brush_rotatex.png" />
			<menuItem name="rotateY" caption="Rotate Y" command="RotateSelectionY" icon="brush_rotatey.png" />
			<menuItem name="rotateZ" caption="Rotate Z" command="RotateSelectionZ" icon="brush_rotatez.png" />
		</subMenu>

		<subMenu name="mirror" caption="Mirror">
			<menuItem name="flipX" caption="Mirror _X" command="MirrorSelectionX" icon="brush_flipx.png" />
			<menuItem name="flipY" caption="Mirror _Y" command="MirrorSelectionY" icon="brush_flipy.png" />
			<menuItem name="flipZ" caption="Mirror _Z" command="MirrorSelectionZ" icon="brush_flipz.png" />
		</subMenu>

		<menuSeparator />

		<menuItem name="toggleFreeRotation" caption="Free Model Rotation" command="ToggleFreeModelRotation" />

		<menuSeparator />
		<menuItem name="transformDialog" caption="Rotate and scale..." command="TransformDialog" />

	</subMenu>

	<subMenu name="grid" caption="_Grid">
		<menuItem name="snapToGrid" caption="Snap selected to grid" command="SnapToGrid" />
		<menuSeparator />
		<menuItem name="grid0.125" caption="Grid0.125" command="SetGrid0.125" />
		<menuItem name="grid0.25" caption="Grid0.25" command="SetGrid0.25" />
		<menuItem name="grid0.5" caption="Grid0.5" command="SetGrid0.5" />
		<menuItem name="grid1" caption="Grid1" command="SetGrid1" />
		<menuItem name="grid2" caption="Grid2" command="SetGrid2" />
		<menuItem name="grid4" caption="Grid4" command="SetGrid4" />
		<menuItem name="grid8" caption="Grid8" command="SetGrid8" />
		<menuItem name="grid16" caption="Grid16" command="SetGrid16" />
		<menuItem name="grid32" caption="Grid32" command="SetGrid32" />
		<menuItem name="grid64" caption="Grid64" command="SetGrid64" />
		<menuItem name="grid128" caption="Grid128" command="SetGrid128" />
		<menuItem name="grid256" caption="Grid256" command="SetGrid256" />
	</subMenu>

	<subMenu name="map" caption="M_ap">
		<menuItem name="findBrush" caption="Find brush..." command="FindBrush" />
		<menuItem name="mapinfo" caption="Map info..." command="MapInfo" />
	</subMenu>

	<subMenu name="entity" caption="E_ntity">
		<menuItem name="ungroupEntity" caption="_Revert group to worldspawn" command="RevertToWorldspawn" icon="cmenu_revert_worldspawn.png" />
		<menuItem name="connectEntity" caption="_Connect selected entities" command="ConnectSelection" />
		<menuItem name="bindEntity" caption="_Bind selected entities" command="BindSelection" />
		<menuItem name="animviewer" caption="MD5 Animation Viewer" command="AnimationPreview" />
	</subMenu>

	<subMenu name="brush" caption="B_rush">
		<menuItem name="prism" caption="Prism..." command="BrushPrism" />
		<menuItem name="cone" caption="Cone..." command="BrushCone" />
		<menuItem name="sphere" caption="Sphere..." command="BrushSphere" />
		<menuSeparator />

		<subMenu name="csg" caption="CSG">
			<menuItem name="hollow" caption="Make _Hollow" command="CSGHollow" icon="selection_makehollow.png" />
			<menuItem name="makeRoom" caption="Make _Room" command="CSGRoom" icon="selection_makeroom.png" />
			<menuItem name="csgSubtract" caption="CSG _Subtract" command="CSGSubtract" icon="selection_csgsubtract.png" />
			<menuItem name="csgMerge" caption="CSG _Merge" command="CSGMerge" icon="selection_csgmerge.png" />
		</subMenu>

		<menuSeparator />

		<subMenu name="clipper" caption="Clipper">
			<menuItem name="clipSelection" caption="Clip Selection" command="ClipSelected" />
			<menuItem name="splitSelection" caption="Split Selection" command="SplitSelected" />
			<menuItem name="flipClipOrientation" caption="Flip Clip Orientation" command="FlipClip" />
		</subMenu>

		<menuSeparator />
		<menuItem name="texturelock" caption="Texture lock" command="TogTexLock" />
		<menuSeparator />
		<menuItem name="createdecals" caption="Create Decal Patches" command="CreateDecalsForFaces" icon="create_decals.png" />
		<menuItem name="makevisportal" caption="Make Visportal" command="MakeVisportal" icon="make_visportal.png"  />
	</subMenu>

	<subMenu name="patch" caption="_Patch">
		<menuItem name="simplePatch" caption="Create Simple Patch Mesh" command="SimplePatchMesh" />
		<menuSeparator />
		<menuItem name="endcap" caption="Create End cap" command="PatchEndCap" />
		<menuItem name="bevel" caption="Create Bevel" command="PatchBevel" />
		<menuSeparator />
		<menuItem name="cone" caption="Create Cone" command="PatchCone" />
		<menuItem name="cylinder" caption="Create Cylinder" command="PatchCylinder" />
		<menuItem name="patch_sphere" caption="Create Sphere" command="PatchSphere" />

		<subMenu name="moreCylinders" caption="More cylinders">
			<menuItem name="denseCylinder" caption="Create Dense Cylinder" command="PatchDenseCylinder" />
			<menuItem name="veryDenseCylinder" caption="Create Very Dense Cylinder" command="PatchVeryDenseCylinder" />
			<menuItem name="squareCylinder" caption="Create Square Cylinder" command="PatchSquareCylinder" />
		</subMenu>

		<menuSeparator />

		<subMenu name="insertSubdivisions" caption="Insert">
			<menuItem name="insertColsBegin" caption="Insert 2 Columns at the beginning" command="PatchInsertColumnBeginning" />
			<menuItem name="insertColsEnd" caption="Insert 2 Columns at the end" command="PatchInsertColumnEnd" />
			<menuSeparator />
			<menuItem name="insertRowsBegin" caption="Insert 2 Rows at the beginning" command="PatchInsertRowBeginning" />
			<menuItem name="insertRowsEnd" caption="Insert 2 Rows at the end" command="PatchInsertRowEnd" />
		</subMenu>

		<subMenu name="appendSubdivisions" caption="Append">
			<menuItem name="appendFirstcolumns" caption="Append 2 columns at the beginning" command="PatchAppendColumnBeginning" />
			<menuItem name="appendLastcolumns" caption="Append 2 columns at the end" command="PatchAppendColumnEnd" />
			<menuSeparator />
			<menuItem name="appendFirstrows" caption="Append 2 rows at the beginning" command="PatchAppendRowBeginning" />
			<menuItem name="appendLastrows" caption="Append 2 rows at the end" command="PatchAppendRowEnd" />
		</subMenu>

		<subMenu name="deleteSubdivisions" caption="Delete">
			<menuItem name="deleteFirstcolumns" caption="Delete 2 columns from the beginning" command="PatchDeleteColumnBeginning" />
			<menuItem name="deleteLastcolumns" caption="Delete 2 columns from the end" command="PatchDeleteColumnEnd" />
			<menuSeparator />
			<menuItem name="deleteFirstrows" caption="Delete 2 rows from the beginning" command="PatchDeleteRowBeginning" />
			<menuItem name="deleteLastrows" caption="Delete 2 rows from the end" command="PatchDeleteRowEnd" />
		</subMenu>

		<menuSeparator />

		<subMenu name="matrix" caption="Matrix">
			<menuItem name="invertMatrix" caption="Invert" command="InvertCurve" />

			<subMenu name="redisperse" caption="Re-disperse">
				<menuItem name="redisperseRows" caption="Rows" command="RedisperseRows" />
				<menuItem name="redisperseColumns" caption="Columns" command="RedisperseCols" />
			</subMenu>

			<menuItem name="transpose" caption="Transpose" command="MatrixTranspose" />
		</subMenu>

		<menuSeparator />
		<menuItem name="thickenPatches" caption="Thicken Selected Patches" command="ThickenPatch" />
		<menuItem name="capselection" caption="Cap Selection" command="CapCurrentCurve" icon="curve_cap.png" />
		<menuItem name="cycleCapTexture" caption="Cycle Cap Texture" command="CycleCapTexturePatch" />
		<menuSeparator />
		<menuItem name="stitchTextures" caption="Stitch Patch Textures" command="StitchPatchTexture" />
    <menuItem name="bulgePatch" caption="Bulge patch" command="BulgePatch" />
	</subMenu>

	<subMenu name="curve" caption="_Curve">
		<menuItem name="createCurveNURBS" caption="Create NURBS Curve" command="CreateCurveNURBS" icon="curve_create.png" />
		<menuItem name="createCurveCatmullRom" caption="Create CatmullRom Curve" command="CreateCurveCatmullRom" icon="curve_create.png" />
		<menuSeparator />
		<menuItem name="curveConvertType" caption="Convert NURBS &lt;-&gt; CatmullRom" command="CurveConvertType" icon="curve_convert.png" />
		<menuSeparator />
		<menuItem name="curveAppendPoint" caption="Append Curve Control Point" command="CurveAppendControlPoint" icon="curve_append_point.png" />
		<menuItem name="curveInsertPoint" caption="Insert Curve Control Points" command="CurveInsertControlPoint" icon="curve_insert_points.png" />
		<menuItem name="curveRemovePoint" caption="Remove Curve Control Points" command="CurveRemoveControlPoint" icon="curve_remove_points.png" />
	</subMenu>

	<subMenu name="help" caption="_Help">
		<menuItem name="about" caption="_About" command="About" />
	</subMenu>
</menu>
