<?xml version="1.0"?>
<index>
   <doc_path>share/doc/gnat/html</doc_path>
   <doc_path>share/doc/gprbuild/html</doc_path>
   <doc_path>share/doc/gnat-cross/html</doc_path>
   <doc_path>share/doc/gps</doc_path>

   <!--  Backward compatibility with earlier versions of GNAT -->
   <doc_path>doc/gnat/html</doc_path>
   <doc_path>doc/gnat-cross/html</doc_path>

   <documentation_file>
      <name>gps-welcome.html</name>
      <descr>Welcome</descr>
      <category>GPS</category>
      <menu>/Help/GPS/Welcome</menu>
   </documentation_file>

   <documentation_file>
      <name>html/users_guide/GPS.html</name>
      <descr>GPS'extensions for Python</descr>
      <menu>/Help/Python extensions</menu>
      <category>Scripts</category>
   </documentation_file>

   <documentation_file>
      <name>html/users_guide/index.html</name>
      <descr>Using the GNAT Programming Studio</descr>
      <category>GPS</category>
      <menu>/Help/GPS/Using the GNAT Programming Studio</menu>
   </documentation_file>

   <documentation_file>
      <name>html/tutorial/index.html</name>
      <descr>GNAT Programming Studio Tutorial</descr>
      <category>GPS</category>
      <menu>/Help/GPS/GNAT Programming Studio Tutorial</menu>
   </documentation_file>

   <documentation_file>
      <name>gnat_ugn.html</name>
      <descr>Native GNAT User's Guide</descr>
      <category>GNAT</category>
      <menu>/Help/GNAT/Native GNAT User's Guide</menu>
   </documentation_file>

   <documentation_file>
      <name>gnat_ugx.html</name>
      <descr>Cross GNAT User's Guide</descr>
      <category>GNAT</category>
      <menu>/Help/GNAT/Cross GNAT User's Guide</menu>
   </documentation_file>

   <documentation_file>
     <name>gprbuild_ug.html</name>
     <descr>gprbuild and GNAT Project Files</descr>
     <category>GNAT</category>
     <menu>/Help/GNAT/Gprbuild and GNAT Project Files</menu>
   </documentation_file>

   <documentation_file>
      <name>gnathie_ug.html</name>
      <descr>GNAT Pro User's Guide Supplement for High-Integrity Edition Platforms</descr>
      <category>GNAT</category>
      <menu>/Help/GNAT/GNAT HIE User's Guide</menu>
   </documentation_file>

   <documentation_file>
      <name>gnat_rm.html</name>
      <descr>GNAT Reference Manual</descr>
      <menu>/Help/GNAT/GNAT Reference Manual</menu>
      <category>GNAT</category>
   </documentation_file>

   <documentation_file>
      <name>arm95.html</name>
      <descr>Ada 95 Reference Manual</descr>
      <menu>/Help/GNAT/Ada 95 Reference Manual</menu>
      <category>GNAT</category>
   </documentation_file>

   <documentation_file>
      <name>arm05.html</name>
      <descr>Ada 2005 Reference Manual</descr>
      <menu>/Help/GNAT/Ada 2005 Reference Manual</menu>
      <category>GNAT</category>
   </documentation_file>

   <documentation_file>
      <name>gdb.html</name>
      <descr>Using the GNU Debugger</descr>
      <menu>/Help/GNU Tools/Using the GNU Debugger</menu>
      <category>General</category>
   </documentation_file>

   <documentation_file>
      <name>gcc.html</name>
      <descr>Using GCC</descr>
      <menu>/Help/GNU Tools/Using GCC</menu>
      <category>General</category>
   </documentation_file>

   <documentation_file>
      <name>gnatcheck_rm.html</name>
      <descr>GNATcheck Reference Manual - Predefined Rules</descr>
      <menu>/Help/GNAT/GNATcheck Reference Manual - Predefined Rules</menu>
      <category>GNAT</category>
   </documentation_file>

</index>
